0.183789100083385,0.9237209856929806,3,0.1452253176826096,0.04805637558720583,Lasioglossum
0.11734630767327753,0.9118472228083812,2,0.0819898569249165,0.003896425184513256,Lasioglossum
0.1952954582451571,0.9023480358590871,2,0.1462314829887677,0.033452710402083675,Osmia
0.5443743037504641,0.8927495467660892,3,0.05269319635268391,0.02433931989131769,Lasioglossum
0.07551170667059343,0.885929614122193,4,0.07194816669120896,0.025656855017867724,Agapostemon
0.10893436635572214,0.8635390838472495,4,0.09516938294076088,0.012088437336088338,Osmia
0.15491126211102768,0.8890285666750373,3,0.14442266952386185,0.03260648205279624,Osmia
0.11282004885551435,0.8443506051352307,5,0.03408124491088392,0.006502991904395861,Lasioglossum
0.08658107371238785,0.6837805660827356,4,0.020770336588509394,0.008243949901444185,Lasioglossum
0.11636355113902691,0.8955338304602353,5,0.08893784569232212,0.045292054926942514,Megachile
0.1671560373498838,0.9353015358500905,6,0.09256991506751461,0.06498249647427064,Agapostemon
0.08891973468475182,0.9527917283165612,6,0.044053075470760664,0.020594339093405946,Agapostemon
0.183378639688367,0.7597264433586355,9,0.03816320874864159,0.009724411243848086,Lasioglossum
0.09508589228015528,0.952972294517371,10,0.038360956786536185,0.02247230075744783,Lasioglossum
0.12177303005187709,0.9500716170711428,4,0.06914387451269301,0.01684050170079048,Agapostemon
0.3142775989395948,0.9746288967999466,5,0.06695322855519788,0.032806349588830476,Lasioglossum
0.14071794468424,0.8551110271406942,4,0.04890027235096896,0.020743847331179375,Lasioglossum
0.15980439094453183,0.9269967949484232,4,0.07432802133916969,0.018070471887955162,Lasioglossum
0.2135670731707317,0.93768613309666,5,0.11586585365853659,0.04945054133245232,Lasioglossum
0.1411341247789846,0.9214491066179605,9,0.054978459768179395,0.028393317969402608,Lasioglossum
0.0656656698377635,0.8789796624624329,7,0.04463104181769196,0.022412676117368538,Agapostemon
0.13562811012064582,0.9369453523100552,7,0.08675862139507291,0.05959811214455296,Lasioglossum
0.1837567615067664,0.98968290096053,4,0.06194223671620223,0.02250924251676328,Lasioglossum
0.15266441725886412,0.9470909365964439,4,0.07932932461216566,0.036959125266442766,Lasioglossum
0.18942407127515712,0.9114591907784985,3,0.14393577811364783,0.034043115969255085,Megachile
0.16328230094164373,0.9451260139675403,7,0.07920239391637764,0.03613555477216682,Lasioglossum
0.16704134885588118,0.977076265372167,1,0.14785226816539543,0.0,Lasioglossum
0.17883106114657052,0.8861660442346908,8,0.06733884185965792,0.039040308216439244,Lasioglossum
0.14676887596836274,0.9741472861921765,5,0.08689847822909393,0.04238652964209627,Osmia
0.16907095740090006,0.9277845707955542,4,0.10401639849577708,0.013482984764849654,Lasioglossum
0.2166202252409149,0.671992518466815,4,0.05444531522117729,0.0348918700861286,Lasioglossum
0.3194349808690183,0.4162863184231,5,0.037819068085329414,0.010242247200570456,Lasioglossum
0.4125174094707521,0.7202188069369124,4,0.06742542943361189,0.030018903768061125,Lasioglossum
0.2896915658265854,0.5130847715744695,5,0.052409547205289175,0.029765273882252957,Lasioglossum
0.16079912291387502,0.9464989672061105,6,0.08426726763308563,0.036996452703565455,Lasioglossum
0.1796846583271393,0.9494751570918937,6,0.0791042651779925,0.031077289703813626,Lasioglossum
0.17703690861064933,0.9337956874770487,3,0.06679720831251126,0.04002511625090329,Lasioglossum
0.15520628683693516,0.9103576019391323,3,0.09251491176834988,0.008980397602818366,Lasioglossum
0.18181985666648243,0.8522961066744347,5,0.11309714622598059,0.038440177948669524,Osmia
0.18700739662907723,0.9100097931328526,8,0.07107508791075542,0.061578301016508775,Lasioglossum
0.6161479304619965,0.8946750312323315,3,0.08386924412724463,0.025332675458754627,Lasioglossum
0.14668789542045502,0.90556169529588,3,0.10533372438932417,0.03312232888441868,Osmia
0.6325132357521022,0.9297532832328527,1,0.07012353368628672,0.0,Lasioglossum
0.14265812604124778,0.891098068005174,4,0.07882604699258919,0.008023698799194652,Lasioglossum
0.17655070291219538,0.7974176914621287,6,0.039458449875992514,0.016583057104763,Lasioglossum
0.2626472775879354,0.6123119342201486,3,0.04848347652362011,0.020039528745235992,Lasioglossum
0.11898360826894967,0.9609887365957974,5,0.08239193986218417,0.02704975787708222,Osmia
0.1385751654100631,0.9454075523707673,6,0.06784120633943684,0.026923558686949473,Lasioglossum
0.1250545152713102,0.952848883550379,5,0.05742181454959835,0.032561450034445584,Agapostemon
0.1412604813583422,0.7473973646468811,10,0.03384877569370387,0.021226292803181016,Lasioglossum
0.16119223005740949,0.9198613534215668,5,0.07374105434241225,0.05083373816072808,Osmia
0.1616048575639051,0.9504924927440105,6,0.06459577548540552,0.04202680837014042,Lasioglossum
0.09380730228313618,0.9122522376406861,8,0.019540345071683823,0.0067827117598571116,Lasioglossum
0.12198359645379984,0.9405928970638197,6,0.04713254002117606,0.014232020138796453,Lasioglossum
0.1870878233270616,0.9352372391306096,3,0.1427802167867166,0.02267875378613905,Osmia
0.1427542663830785,0.9409776779477427,6,0.08720057164229929,0.04921474664933196,Lasioglossum
0.10507403751233958,0.9109295362218552,3,0.0736952945047713,0.014865961893772392,Bombus
0.1657743724553586,0.9213505084649202,4,0.15209341839515275,0.12279129303190613,Lasioglossum
0.1558012636415853,0.9563125290823702,3,0.09732194141298105,0.03287629621785669,Lasioglossum
0.3155180019681699,0.4627000857816192,3,0.04057371022656577,0.013566884546365688,Lasioglossum
0.14025204715721007,0.9397983320662217,5,0.0713669009040401,0.03125938764173658,Lasioglossum
0.2643428182635531,0.9241557269380929,6,0.07796110449622952,0.03754128771236272,Lasioglossum
0.1655263013848596,0.972759783924481,4,0.11704253106355028,0.03149990194798572,Osmia
0.17093140657537703,0.8932733070006594,5,0.10194358553669464,0.022483545864727443,Megachile
0.2910551392247468,0.8879340505145638,8,0.035344889506069385,0.026384420715965577,Bombus
0.14274315351514633,0.7609101963993978,5,0.019744853856164448,0.005600963751631818,Lasioglossum
0.194900113691733,0.9596815562898057,5,0.10631079349611101,0.05227540204955234,Osmia
0.08181294411369311,0.9376903916725957,5,0.08490877664682159,0.035917902062609974,Osmia
0.11021463014907498,0.9798468774677345,4,0.10693293201802767,0.018345011570053072,Megachile
0.4129921004921005,0.5866079213604298,4,0.03163040663040663,0.016710923433487426,Lasioglossum
0.148992887305522,0.9398526626748839,5,0.08386502074016866,0.030236909431411954,Lasioglossum
0.14912349411746276,0.8838996759057429,3,0.12086224993342001,0.02564934701839384,Osmia
0.13286140945379357,0.9080079111070096,3,0.10988742748836942,0.02161362074527682,Osmia
0.2202289455124148,0.9931132801343633,6,0.06407822003604777,0.030674437265077844,Lasioglossum
0.14998527245949927,0.9228074168539824,10,0.03430927835051546,0.017967620270878063,Lasioglossum
0.13011953108301408,0.9618162965392888,6,0.09729917846357891,0.03412567285842769,Osmia
0.1477669932042185,0.9374518084590755,4,0.1264082869529996,0.04414023733338275,Lasioglossum
0.13717159277504104,0.9078355898733456,4,0.037543616584564864,0.037319538624674665,Osmia
0.09503126028298782,0.9197423828650898,4,0.07140506745640013,0.03991531869559271,Megachile
0.14789434495639772,0.9387079567194968,6,0.08837819760471485,0.039758851169735626,Lasioglossum
0.11221080501796633,0.9499626026752547,6,0.05919435163588224,0.0193975319606622,Agapostemon
0.2545081307357913,0.984311195583692,5,0.06661165673804541,0.039702900183780386,Lasioglossum
0.13485501339233724,0.9364301075737558,7,0.06679809457263748,0.03515649400077669,Lasioglossum
0.13611072193423132,0.9220962833809079,2,0.0444929247643256,0.020635270099873905,Osmia
0.4506888257161601,0.8769308234391516,2,0.27465558714191995,0.103651869669801,Agapostemon
0.12649029350761748,0.9141332322089745,4,0.0705902979840936,0.030562654870551778,Bombus
0.1265925505152966,0.8995561990026147,8,0.08005609429522031,0.05007566275725011,Lasioglossum
0.2623169955442393,0.9196467208259631,5,0.042472310630171865,0.023653733883580715,Agapostemon
0.06994030313602356,0.94451192040828,3,0.035885955731286584,0.02564100146114377,Lasioglossum
0.16914963027403218,0.9371152925618388,7,0.060691501480975164,0.03503186132101541,Agapostemon
0.1315610603428744,0.9262660618039088,5,0.06713616796314478,0.03236316255890406,Lasioglossum
0.1110441594215374,0.9241290449250422,7,0.06077300507876388,0.03206026300938871,Lasioglossum
0.10736797013646655,0.9341952148693196,5,0.07931583134447096,0.038920180274042857,Megachile
0.2082803447788611,0.906336740462528,3,0.11798784795817437,0.0277707661609223,Lasioglossum
0.10141334412736963,0.953703633204806,9,0.04465938818802612,0.019347881798002765,Agapostemon
0.1896946315307657,0.9119185883643529,3,0.14956734017742324,0.030257575519222216,Osmia
0.16846141619645555,0.9490679241998214,7,0.06647858221409839,0.035040682014769065,Lasioglossum
0.11373316779677203,0.6759295352752546,4,0.04387355553433292,0.03228341610555191,Lasioglossum
0.11376669206400128,0.9715500128503639,6,0.07499342788270887,0.03451804868992832,Osmia
0.07060663104202089,0.902937277068249,4,0.01984151080884139,0.003318298157107755,Lasioglossum
0.19501795332136446,0.9416309529869524,4,0.1497910121184919,0.061467765619174636,Lasioglossum
0.16282244736653015,0.9733486412399647,5,0.09913055974707193,0.06340485329923891,Osmia
0.19097429226961501,0.9689881067463513,5,0.10979350712698498,0.04839129608563395,Osmia
0.13818206253919899,0.9216320412632266,5,0.06182689723143087,0.030452685319039313,Lasioglossum
0.13375986351034336,0.9632439896735795,4,0.10786948176583493,0.031115120610661195,Osmia
0.13546431731330358,0.9393294782175852,6,0.0931364243896011,0.030194197050594503,Lasioglossum
0.29885133438198086,0.7351595580162287,7,0.07621829745208858,0.044813122606497016,Lasioglossum
0.10267059805755471,0.9429728335661758,8,0.02391728226752481,0.011699549344670749,Lasioglossum
0.11088030373808554,0.9408313687142857,6,0.053661057716199695,0.0213361545056498,Agapostemon
0.12288606081311923,0.9289863110592832,8,0.031175264776221387,0.018298123431055736,Lasioglossum
0.08780513284813873,0.9185704621980454,6,0.06079732098292533,0.028639814870435033,Lasioglossum
0.21932242777727148,0.6065139143612289,4,0.04838296272669279,0.030685597083424547,Agapostemon
0.10919978864557037,0.9008683526496095,5,0.08941760112722362,0.048653039518799526,Megachile
0.26297202474379094,0.7865503849630466,2,0.03633667251407995,0.0022447142461453234,Lasioglossum
0.17576521715803312,0.9422493245994995,2,0.07689728250663948,0.032178018617378006,Lasioglossum
0.10724894650793285,0.9701214062924443,5,0.048087595274829024,0.01587020785516692,Osmia
0.16167435489394275,0.9585970751450428,6,0.06564537464160775,0.02886670706485073,Lasioglossum
0.1197247414140985,0.9152199416635123,6,0.06093494467217467,0.023173393082306978,Lasioglossum
0.06664535555188912,0.868699332271654,8,0.03547913916845405,0.021314298832525228,Agapostemon
0.27229615578410743,0.6305014738204204,5,0.04260055129079107,0.026657664613767174,Lasioglossum
0.0882237930515867,0.9516008381781723,6,0.04008288631540248,0.01985766819360281,Agapostemon
0.1513163344765313,0.9638701736427989,5,0.09794721407624633,0.04340454355804492,Osmia
0.1499329974725629,0.968679717999888,5,0.08776482961002832,0.049823579150446315,Osmia
0.1520621721663772,0.8890412918167793,3,0.14575256273061654,0.02799453363727359,Osmia
0.09996319921491659,0.9096201924936129,7,0.05435651198654142,0.018949015925259632,Megachile
0.12052220983919758,0.9617744598758304,5,0.09315395637637319,0.020660270157907855,Osmia
0.25052919267972457,0.729764385197544,3,0.06403901288818628,0.015696417498609363,Agapostemon
0.19471837113521667,0.9097272407322686,6,0.09539174739447377,0.04395742017822721,Lasioglossum
0.20354258443465492,0.9008903470740859,3,0.13501590797846305,0.01791969723130094,Osmia
0.10505633317899586,0.9799118033188576,4,0.05121333000914153,0.019403948897801265,Lasioglossum
0.20144768250588174,0.7396739894711121,9,0.023579460348535242,0.014687966766667782,Lasioglossum
0.4102243546425193,0.7910809474272336,10,0.052193990178853,0.03138714281530009,Lasioglossum
0.15149998683066873,0.9416894643143682,6,0.06873073985303026,0.02962489584663858,Lasioglossum
0.19862110230224242,0.9254458690206351,6,0.08611764599226693,0.048258750217064376,Lasioglossum
0.37889805034509394,0.5538892847817117,4,0.05287662261331005,0.01584000893824521,Lasioglossum
0.08452944136889784,0.9251877291139976,4,0.07139909411172622,0.013689040342972253,Lasioglossum
0.385286860602542,0.8836482175329947,9,0.04785272116131142,0.03175036138352983,Lasioglossum
0.13794424345605447,0.9393219539019387,6,0.06370149677236292,0.026450836481872256,Lasioglossum
0.1314394010120059,0.9160168670028578,6,0.0394159493623616,0.02732135549538423,Lasioglossum
0.38458013114291756,0.947028098059797,5,0.06407671155608827,0.03082166440920664,Lasioglossum
0.13250728389311903,0.9187114951124233,4,0.0929332697910687,0.024576948763067843,Agapostemon
0.1348873422951028,0.9141672364454348,3,0.12015232889482104,0.010002685030760948,Osmia
0.14704225352112676,0.947250014116434,7,0.058794768611670024,0.03315147695589153,Lasioglossum
0.09520233625365039,0.9523662189709625,6,0.058217215964399945,0.026298986365768065,Lasioglossum
0.13886099406789312,0.9451037626978132,5,0.029229861377118426,0.02797985739533588,Agapostemon
0.1463695113457832,0.9656930115660183,5,0.08163457022076091,0.03809672328496702,Osmia
0.17213472392292642,0.9449122438545635,5,0.08951287139861223,0.03457891451386804,Lasioglossum
0.07006958690318169,0.9867909041084794,7,0.0346038258431163,0.01665018218008285,Lasioglossum
0.14651258770119685,0.9171623078971153,5,0.07506809739991746,0.026745471579276994,Lasioglossum
0.3069333503738258,0.770517948225985,4,0.04982426992140073,0.026672062085097842,Lasioglossum
0.1228568136828765,0.9442106734858068,6,0.059382538901166425,0.023662055306932512,Agapostemon
0.1385142686834066,0.9459279209409724,5,0.056148324764672276,0.02546200837695147,Lasioglossum
0.12358439077636785,0.9245498040843667,7,0.05968137016028952,0.03908340509291259,Osmia
0.3489129437666269,0.9141948021742001,3,0.034425995576348754,0.011253886576831105,Lasioglossum
0.6133801052367828,0.8512385506599498,5,0.03345652718616888,0.02261850402229918,Lasioglossum
0.26443087578602026,0.5822140712288426,3,0.07838634223396823,0.06922731750999145,Lasioglossum
0.19810057477184237,0.994327534993786,2,0.0788199666261511,0.010094559238581817,Lasioglossum
0.1644690250564867,0.9200272094404144,7,0.07954868454649251,0.03849768032264759,Lasioglossum
0.39391979301423025,0.5520752261838846,3,0.05056507833836424,0.016348312030912786,Lasioglossum
0.161596495497688,0.962571681863555,5,0.1114070159580016,0.04796395492026242,Osmia
0.2550252805524726,0.7261587121046365,2,0.05436860278702676,0.02696078431372549,Lasioglossum
0.23074820143884892,0.730618848254721,7,0.028573484069886947,0.015148459132615526,Lasioglossum
0.3809698750918442,0.726818200907112,3,0.04509830116002048,0.020626539125132647,Lasioglossum
0.12245361114413236,0.9308782920643365,8,0.050845374082759666,0.031814163430081505,Lasioglossum
0.16237789561819704,0.9466050232175921,4,0.05417945855428412,0.02770597926224225,Lasioglossum
0.12621833947256902,0.9140898261348572,5,0.07693385924308113,0.04459161472510334,Lasioglossum
0.1199020338622085,0.9312694606259645,6,0.06603840556561247,0.024734642635223895,Lasioglossum
0.2991830130905104,0.9397439983653815,3,0.04418325823115426,0.03240722746512584,Lasioglossum
0.3465239355304306,0.47886260336926156,1,0.0610215700424986,0.0,Lasioglossum
0.2331523725009135,0.9113248842635446,7,0.1008881497997748,0.043776267176029275,Lasioglossum
0.10846082760036965,0.42634652992966726,8,0.03140594516890851,0.018417379429582385,Lasioglossum
0.1756522871924666,0.5816885066018861,4,0.06256746194215952,0.0491969589003584,Osmia
0.09326256725917552,0.953112098923924,7,0.03927128291175776,0.026085449124285287,Agapostemon
0.06715342760829732,0.9481481902018498,8,0.03732708097296239,0.01585601620470551,Lasioglossum
0.1965091735671375,0.9370369341701866,5,0.09659035557720409,0.03836408999762202,Lasioglossum
0.16242644052127225,0.8873157711491487,3,0.14562554447348303,0.04110233047977113,Megachile
0.41479594453657953,0.9365262973229261,2,0.02557745900938638,0.0068217955513002445,Lasioglossum
0.15107107943166825,0.831405509084595,0,nan,nan,Bombus
0.119125375563974,0.8802707542661411,4,0.03901845915773185,0.018512052819692613,Agapostemon
0.4976085628199996,0.9072944966485339,2,0.07764269610838373,0.03192094561850783,Lasioglossum
0.1252036880427384,0.921943953304934,8,0.08062952496854438,0.04394020715379213,Lasioglossum
0.0762110874721835,0.8465243889623636,5,0.047416428239552,0.021053881760116123,Lasioglossum
0.10466985030764993,0.8813898102767119,5,0.05799201028560933,0.03248591990204617,Osmia
0.17106171998448247,0.9430070640560654,7,0.04963983947207996,0.03338071383051181,Lasioglossum
0.13197766232577302,0.95615944611353,10,0.037890508777149653,0.023212278085919334,Lasioglossum
0.06680936895401968,0.8856989171533272,6,0.04191536656650064,0.024950294788469236,Agapostemon
0.10572266951908761,0.8829850952558966,5,0.04415663260143681,0.022537631130342167,Lasioglossum
0.3142382508975939,0.9697403792357902,3,0.05986341091640915,0.01804814807818251,Lasioglossum
0.15239526222406932,0.9567891500157595,6,0.0928480469728212,0.05149219889967582,Osmia
0.10311219140215423,0.637680065453945,3,0.044851936580561115,0.026070361047393575,Lasioglossum
0.5457739409757076,0.9656575957729434,4,0.044122666131298935,0.016919002977149527,Lasioglossum
0.12977794528722636,0.7880589495191722,5,0.049806840667106375,0.01846300614602413,Lasioglossum
0.12387106469306484,0.9642575815433889,13,0.04477247900495327,0.027493889713620923,Lasioglossum
0.12664754546811016,0.9197908564794557,5,0.052562295870152695,0.03299508223420941,Lasioglossum
0.15936685837880352,0.9090459541446949,3,0.12256468236412198,0.01779465288697702,Osmia
0.17867927405825834,0.9460292138695378,6,0.06917289410807789,0.027376333235386685,Lasioglossum
0.4743237127041047,0.9766156568906632,4,0.060622149496918847,0.027067050911522755,Lasioglossum
0.15677614459525988,0.6381809739367506,4,0.03581475490540826,0.02197277138661104,Lasioglossum
0.22885140990600628,0.9500114943313874,3,0.12568051018820967,0.02029032291451116,Lasioglossum
0.1949636290159628,0.9389389411419446,5,0.11399272580319256,0.04191816481887918,Lasioglossum
0.18848219862585883,0.9242947201262481,5,0.10180137414116178,0.050357529808471004,Lasioglossum
0.40112749349522986,0.5522796167922667,4,0.04486123156981787,0.02101711988583734,Lasioglossum
0.25954661359537284,0.9116132987880579,6,0.05950826129319817,0.03423599361498702,Lasioglossum
0.14643502432244615,0.9141589761245803,4,0.041957377808663425,0.04308782993263532,Osmia
0.15051287810721772,0.9498596270828565,5,0.06704477388439653,0.024655496830448674,Lasioglossum
0.27300922489661755,0.8127703968167426,6,0.0881578482310112,0.08257474660686957,Lasioglossum
0.20177753344328386,0.8766150816245821,5,0.025865860362836723,0.015002023643304321,Lasioglossum
0.15040979745642957,0.9287640486193136,7,0.07224547473252137,0.027185569509921636,Lasioglossum
0.6085858585858586,0.8767739975058335,5,0.055559189012426416,0.021040210861067832,Lasioglossum
0.12956914679432688,0.9419840709457189,6,0.08476876500678568,0.024186307416306924,Lasioglossum
0.36099840027121227,0.9641683896050907,2,0.022925914546937737,0.00996917078958799,Lasioglossum
0.32096578197222125,0.8526790129747257,4,0.09193042826479507,0.03576559527300978,Lasioglossum
0.09424157845318791,0.8899547343905868,6,0.04493206597467855,0.02301955976690475,Bombus
0.2901716279635916,0.9262461502259438,5,0.03674650725598128,0.02189687171440327,Lasioglossum
0.17233517715652563,0.9695890580271114,5,0.10747495888772611,0.050088775028314186,Osmia
0.16016055214273478,0.9358715106012603,7,0.09009205875257419,0.059802733478712185,Lasioglossum
0.14758064516129032,0.9673915985698909,5,0.0968359643102265,0.05983652479395919,Osmia
0.16878245816503173,0.9537550724261088,7,0.11382769351248867,0.037220603995891194,Megachile
0.2913401956265683,0.8679581172897557,0,nan,nan,Lasioglossum
0.15390355708752354,0.9665293172742928,6,0.09670350496902504,0.057141132869154246,Osmia
0.3540313656230089,0.5621135130346722,5,0.046245850146991424,0.016434495795085872,Lasioglossum
0.20603356290619848,0.9301018426483729,4,0.09668466604153868,0.04211248332065713,Lasioglossum
0.18364831552999178,0.723180932330748,5,0.05517470751653167,0.03092796193441673,Lasioglossum
0.19994214756503234,0.8878835037257409,3,0.11738534542724711,0.022935352943324022,Megachile
0.15728208647906658,0.9475253711741854,6,0.06805078929306795,0.030214443306125237,Agapostemon
0.18143624982990883,0.9479583018607626,5,0.09799972785412982,0.03373364529203816,Agapostemon
0.18403459050941065,0.9366466224505999,5,0.10386599811060242,0.045429579857504086,Lasioglossum
0.12684028898433428,0.853337707753453,4,0.08655254599170784,0.019368489194013617,Osmia
0.0941427812300051,0.9587216714823216,6,0.04912103762024053,0.02182358068957771,Osmia
0.13891250102827057,0.90742523843664,6,0.067221475773945,0.01419167061376885,Lasioglossum
0.12745867434009742,0.9350333986648156,6,0.0526759428811075,0.025247833210961246,Lasioglossum
0.08189299919970378,0.9453763605656116,6,0.03871880935032669,0.021606066462761003,Lasioglossum
0.3401090993088008,0.9716992273442097,5,0.06473107198066774,0.032647030169553,Lasioglossum
0.7251393282120802,0.8887115527174854,4,0.04896821810513632,0.02105746896816649,Lasioglossum
0.25603677340522507,0.8031658250905692,3,0.05227667979078984,0.021460055793621244,Lasioglossum
0.33558447178092354,0.5024576551365016,3,0.039124477138323954,0.013898159275005942,Lasioglossum
0.09690008566805217,0.8508468766084689,6,0.046632681480541366,0.03156414961592383,Osmia
0.23251040736574788,0.9215632429213895,4,0.06137446803576191,0.033627592613093886,Lasioglossum
0.10460832338533733,0.9459094553082108,5,0.03910179887210308,0.023114538985774702,Lasioglossum
0.3628834615059579,0.5366168473718969,5,0.041299754922673876,0.017988852709812108,Lasioglossum
0.11485948631137713,0.9476867179181452,7,0.045017928576466706,0.024654118390680976,Agapostemon
0.18543398736282007,0.9019751794144543,5,0.09569005653475225,0.0448938949654928,Osmia
0.17417038518746475,0.7838478225106423,4,0.04611478689029081,0.029033559093828498,Agapostemon
0.08674545051043053,0.9468406037194341,7,0.041487012026292985,0.018964584827551027,Lasioglossum
0.12846758021390375,0.9404644625399954,4,0.0733074657419786,0.028539860367743777,Lasioglossum
0.07763059329989286,0.8489565922299744,5,0.04892235044234361,0.020985642418553194,Lasioglossum
0.4634993487564349,0.9646053227539554,2,0.08134342243999255,0.0003411275817155616,Lasioglossum
0.1600562433804463,0.9209673728359347,4,0.11857675030130382,0.017238697560318227,Megachile
0.1639104103423799,0.9176800422341561,6,0.0751136483772069,0.02092765520488377,Lasioglossum
0.15820592175158205,0.9638617544056087,4,0.10910434662109104,0.03435588072905917,Osmia
0.20055975532344625,0.9846762326386663,5,0.12196318310346818,0.05701126885558302,Lasioglossum
0.2314867924528302,0.8104422976394512,6,0.03098197064989518,0.016011720366555696,Osmia
0.33955700457112126,0.5868905590443216,4,0.044316348480774405,0.014349403119606611,Lasioglossum
0.19184558509881985,0.9714123514835012,0,nan,nan,Megachile
0.17459059486350548,0.8627827000727133,8,0.04500023540304925,0.044685881963280244,Lasioglossum
0.1601439840698476,0.8355691313158836,3,0.10007403436215567,0.023458394313919852,Osmia
0.1802916685835212,0.887032091559215,4,0.13344757786263053,0.02466457669028152,Osmia
0.21732882287109573,0.6886242528584363,7,0.027598723892853512,0.011135983426945752,Lasioglossum
0.2598269250176607,0.9691565053951561,5,0.07676859420728631,0.039915228050634965,Lasioglossum
0.1644566758402135,0.6565901401177741,5,0.07831290134267367,0.03180422578095456,Lasioglossum
0.26616912513013674,0.8118731996334234,8,0.054416168540245884,0.06751074235022546,Bombus
0.3059907263019838,0.8770114723554772,2,0.031068953765761673,0.013884729379447089,Lasioglossum
0.15304925006417544,0.960004053231112,5,0.10634053320620486,0.04610703547314258,Osmia
0.12414302394044328,0.8124866267454076,4,0.04968964244014889,0.028486812524755246,Osmia
0.16693210068365444,0.925353886344089,3,0.09624249015951937,0.023120255341729432,Lasioglossum
0.21163166397415187,0.730055767750178,6,0.04504031240703293,0.023607875739297107,Agapostemon
0.3522510231923602,0.6577435110508975,3,0.06845968946923926,0.01372857900467939,Lasioglossum
0.15408384448646406,0.9154284776880789,9,0.041606242131999635,0.023089245325322253,Lasioglossum
0.15040403568592647,0.9427396859838207,8,0.06604504336182603,0.032991799048884725,Lasioglossum
0.10843226158448253,0.943335771091698,5,0.06446672812447087,0.02371507545187347,Lasioglossum
0.05801318820709402,0.7003082348594123,6,0.01872370985944393,0.007374512234517991,Lasioglossum
0.1489950821704572,0.963094366618392,5,0.032432879203228966,0.010474716706709557,Lasioglossum
0.16769390710281068,0.9011686086633102,3,0.13446329781309174,0.019679739830087774,Osmia
0.31871982224501133,0.6014939940582396,4,0.04089931490264781,0.007249814271835682,Lasioglossum
0.367745756020529,0.9532591201280218,8,0.06615403940709902,0.04595258578171786,Lasioglossum
0.41083148065807024,0.974594787755863,3,0.09913739439751,0.04011494356558326,Lasioglossum
0.14833289142251094,0.9708772550707762,6,0.08592127358699014,0.050440011244819415,Osmia
0.12065506706701457,0.919190069960472,6,0.06720250348556168,0.0232820160911505,Lasioglossum
0.29299692655083737,0.7854858822247801,6,0.07437433356331932,0.04258718408721333,Lasioglossum
0.13722036069774318,0.8988626159924372,4,0.09695599684635853,0.02823663726756658,Osmia
0.45844631657386514,0.9712365166822592,2,0.023069280288133136,0.0018732793773674733,Lasioglossum
0.16922103246553316,0.9667668104701604,4,0.10341760459785844,0.061268046311887675,Osmia
0.12883744878038317,0.9408156486246878,6,0.06459392587189554,0.025493247619480214,Agapostemon
0.1702201762621521,0.9471599386707429,7,0.06896029558738907,0.03491098666789718,Agapostemon
0.44400540709160863,0.7959265698831797,3,0.07531801324044228,0.010496771974558918,Lasioglossum
0.38927852655973655,0.7445913124095221,4,0.08500030493382936,0.07936969080618742,Lasioglossum
0.1748323041810999,0.9465153199637527,5,0.07129997567107291,0.049773184270767476,Lasioglossum
0.2951938963942074,0.5020852510550601,3,0.02932743706871416,0.0031257075772948314,Lasioglossum
0.06951880549366499,0.897805393488914,4,0.044673439526454056,0.021081050392338634,Lasioglossum
0.12080784969419633,0.8311451566601399,3,0.03381000572006864,0.019545097275570602,Lasioglossum
0.2145806299398372,0.9220050179435193,6,0.09737721678266682,0.038724265314829046,Lasioglossum
0.16486679839204196,0.9302347784509799,4,0.1176458063636983,0.021291014412203792,Osmia
0.18468049963869104,0.8442566630850663,4,0.0485005677712398,0.0243563042766368,Bombus
0.20951949229374434,0.5925952249804542,5,0.0760411000302206,0.02258025609756056,Agapostemon
0.1395372032714941,0.943767783029921,5,0.06597513132522109,0.025391977637151765,Agapostemon
0.33026262444254245,0.9820911261693952,4,0.0703522681201856,0.024310058019128857,Lasioglossum
0.1403991537585253,0.9389173232438014,6,0.062442363361097555,0.036836075985830476,Lasioglossum
0.11646557329672712,0.9362393814797295,2,0.125316089877899,0.03449895238783325,Lasioglossum
0.13434804400010553,0.9174482959986452,4,0.09628650188609565,0.01242304229225312,Megachile
0.16439501630571118,0.9649880954776762,6,0.09214259832204477,0.058951406799603506,Osmia
0.13477747249100733,0.9444182121195113,5,0.058646915939951416,0.03467595898806135,Agapostemon
0.10590004939158547,0.9256141786182787,4,0.047867742804544026,0.02771012925642041,Lasioglossum
0.14509742859685026,0.9289211483526715,6,0.09227170270190113,0.06779781447425362,Lasioglossum
0.15731191326193308,0.9404989450449327,5,0.08864207325135529,0.039047707224728945,Lasioglossum
0.1105664032140423,0.8628932958535739,4,0.08437757822868963,0.016609291046857672,Osmia
0.11799988239214379,0.9541791002111855,6,0.04430385949781446,0.024123340642993825,Agapostemon
0.1350327247674819,0.9703389200183187,5,0.07364138903925331,0.04211631004513156,Osmia
0.16982118963629728,0.9087848969137228,3,0.08994039654543243,0.013993857075729687,Agapostemon
0.10189027201475334,0.8886133404493025,4,0.08112417396649761,0.04137364771278717,Megachile
0.16216825263502924,0.9377758620539328,4,0.06640068833416984,0.03784821978448936,Lasioglossum
0.1877316570933131,0.933138813509531,5,0.08223691340630758,0.042591431100039066,Lasioglossum
0.15118166287015947,0.94935167095554,4,0.08379128701594533,0.023644859560166008,Lasioglossum
0.13236476479300374,0.8915784911404019,4,0.08606742365470062,0.04528615521239556,Osmia
0.1819940503348968,0.9148234972782526,4,0.11718193929881554,0.057270073796310425,Osmia
0.1094766243266609,0.9350882331584217,9,0.0349183126066813,0.019607550915725733,Lasioglossum
0.1407829889631875,0.9433360666961201,5,0.05866401351257549,0.021501947192979497,Lasioglossum
0.18520089049083008,0.9467459102837371,5,0.08462489840630412,0.05628243825717255,Osmia
0.11457843782310367,0.9232002602130841,4,0.07040722812294388,0.02785922440437426,Lasioglossum
0.19935212912217262,0.9850711544421682,6,0.05350270887871882,0.019209981511494542,Lasioglossum
0.15935576797171663,0.9352438214201944,4,0.09814717821133953,0.03624686156793601,Lasioglossum
0.2734158382362886,0.614868688955818,2,0.05748292419016704,0.002806519239872861,Lasioglossum
0.0911038140944683,0.8209828391776364,7,0.06442752498827264,0.029785286937905768,Agapostemon
0.2535091937441323,0.9819289815918373,4,0.0569227862883836,0.023576636735038754,Lasioglossum
0.1722050170331372,0.9432174157465106,6,0.07741560854753794,0.03761330056515422,Agapostemon
0.18653634361233482,0.8798468647795835,3,0.18061674008810572,0.040037898031650566,Osmia
0.09057791225416037,0.9282008024706878,11,0.04721001237793976,0.03451973647181441,Bombus
0.3797497322482905,0.5914501299286412,5,0.051067802971357434,0.035507119424913615,Lasioglossum
0.10708885787392416,0.9117798589723358,4,0.06323418236799255,0.02038527437077238,Agapostemon
0.16383310625357897,0.38953644965454165,8,0.06016873013052149,0.03213761416711037,Lasioglossum
0.20038860103626943,0.9485253139760782,6,0.10848754009375772,0.04333535183815248,Agapostemon
0.11690644168953893,0.8586877748269794,3,0.0318400353675834,0.021598203441323658,Agapostemon
0.19326183512078865,0.9700967659159208,4,0.13776947242985593,0.033518624988029384,Osmia
0.17010614233513138,0.8069025642983184,5,0.041438431645496196,0.025404677974782512,Agapostemon
0.16901210492102814,0.9696030059019694,5,0.12041321878458863,0.04723688938897984,Osmia
0.10191803832424981,0.9385839859374997,6,0.04923360629547467,0.01755209388102535,Agapostemon
0.14838544772940274,0.9414564330347281,9,0.067018829343103,0.035287423498362495,Lasioglossum
0.11124868445490002,0.9349601372974911,6,0.053368139389311925,0.026190713888042633,Agapostemon
0.09776179229952549,0.9243637772878248,6,0.04114575433882955,0.01980534882112501,Lasioglossum
0.14266267628894871,0.5623242264608898,9,0.039683572388988425,0.022708188844183817,Lasioglossum
0.06468908103681896,0.9715552085347665,10,0.027841845140032948,0.013620769729416256,Lasioglossum
0.3253894944269967,0.677175861347327,5,0.045862429952583286,0.02424595403790034,Agapostemon
0.15749675704748947,0.9007332597290207,4,0.11618470591957478,0.022157901134602885,Megachile
0.11740474755756636,0.9334504967044233,5,0.056190297438531676,0.02451981007593868,Lasioglossum
0.16906062669168562,0.9330657871441075,5,0.12080171368791617,0.08894703415333675,Lasioglossum
0.10910013332232146,0.9458371271161392,7,0.04317890304888429,0.02866804506360639,Agapostemon
0.07595955664458146,0.9139161539109759,9,0.04530858846320557,0.028585347898034203,Agapostemon
0.16992797401415413,0.9400672835522629,7,0.08176619463828966,0.06748558008540256,Lasioglossum
0.45995473621761773,0.8794326834896319,1,0.04097910395289051,0.0,Lasioglossum
0.2526227542121258,0.9112982719399113,4,0.061071457680798295,0.02426368763867433,Lasioglossum
0.13419876413550547,0.9510094657901361,6,0.061095099691440946,0.026595225684099708,Agapostemon
0.17356496317535278,0.7333635065662419,9,0.038020276981315944,0.023797407101859257,Agapostemon
0.1170097394051066,0.8484718668736233,4,0.04843643063964201,0.03281088115199641,Agapostemon
0.1481883063409278,0.9498305237798531,8,0.06169537469118858,0.03310650485844715,Lasioglossum
0.17432970819425003,0.9352218880364315,5,0.08427140857419742,0.036312502203398815,Lasioglossum
0.25534690834537066,0.6899918897320008,4,0.043419846853983195,0.00804044683602316,Lasioglossum
0.17596999140723116,0.956809824112394,8,0.09234128164452376,0.04469665113077351,Osmia
0.1652399189006533,0.9497521010174574,6,0.07346186578558735,0.0367770826361986,Agapostemon
0.1268803517704235,0.9221218863569185,1,0.09974542929877343,0.0,Lasioglossum
0.17892673655450955,0.9320620467378459,6,0.08010621764222571,0.035586003855208055,Lasioglossum
0.12219377442393209,0.8651149976967386,4,0.057263172079234606,0.02866894864681392,Lasioglossum
0.13932809019411738,0.8155241022348085,4,0.032411237896076736,0.02318642678042809,Lasioglossum
0.12659557279043465,0.9007906078823463,3,0.08872372129764276,0.02083615123155722,Agapostemon
0.09186841152660619,0.885672287049852,5,0.04000087754900562,0.014860511871235512,Lasioglossum
0.3434281479209793,0.6646300656081272,4,0.055837741828311485,0.01179230467282442,Lasioglossum
0.3007455826779696,0.9479750786608541,4,0.05444285568379124,0.012201409544869134,Lasioglossum
0.07586047158011766,0.7361337953567242,6,0.03175985546856905,0.022358129840498068,Lasioglossum
0.20837896075453036,0.7898654057807456,4,0.05789678194213854,0.014793125193902048,Agapostemon
0.11511893870082342,0.9447411521991723,7,0.04820448307410796,0.021783993334140026,Agapostemon
0.168343054853871,0.9172182585693676,6,0.05540756390432595,0.022243082284413615,Osmia
0.15168693269395445,0.9502608421095915,6,0.08531141177142204,0.04845507691833853,Osmia
0.22676540259075098,0.7786601875064993,6,0.08323196539974533,0.05650242418434052,Lasioglossum
0.39773866234219624,0.5989978731680001,4,0.052062569681408155,0.025256906217085623,Agapostemon
0.15218525086054033,0.9372708707002346,6,0.09087206385631336,0.036330711138804005,Lasioglossum
0.12955045051573785,0.9457348008567542,5,0.08092373843515231,0.01695428848773413,Lasioglossum
0.11960181053784572,0.9445450761134281,7,0.06914468885120131,0.028863062737982694,Lasioglossum
0.1493951442348363,0.9350668088402965,1,0.10845106166990948,0.0,Lasioglossum
0.18053572690649516,0.9397877135955756,5,0.08854618700968266,0.043947703379460065,Lasioglossum
0.10973027526566798,0.9383660853438105,6,0.04208635940870322,0.025322919153981712,Agapostemon
0.15791139797048945,0.9715324492475637,7,0.029621106105867188,0.021581413432901892,Lasioglossum
0.08159074639237407,0.9624261330669631,4,0.036721487509890356,0.012834667407977587,Lasioglossum
0.1719595849049229,0.9673414377437957,6,0.10470532288429844,0.04226242084671982,Megachile
0.2385868194429431,0.9010053616192865,3,0.13572106318836402,0.023720811112858658,Megachile
0.12870487957123486,0.7425614707282615,7,0.03517387066322687,0.0245484479411482,Agapostemon
0.28626502764579564,0.9722233757389589,5,0.044216364281970205,0.02051368038047031,Lasioglossum
0.08850290223987739,0.9595151756243125,3,0.025378817906100724,0.010143246421039238,Lasioglossum
0.19074826045258841,0.886737071934779,3,0.1451901429047551,0.040126661088300465,Megachile
0.3246146524344642,0.7497984311231854,6,0.08666880343955685,0.04718900758473124,Lasioglossum
0.22550486163051608,0.6308385913833737,4,0.06341074974853635,0.058416397590078516,Lasioglossum
0.12626471806401987,0.9245423606099739,6,0.052287339999605546,0.020276499329248788,Lasioglossum
0.1307461016712118,0.9200242944372707,4,0.07758198727361723,0.039497302792571055,Megachile
0.07980284606761764,0.44744655195215316,8,0.05530086511556267,0.0233867105960655,Agapostemon
0.21315443080973207,0.9225268685430197,7,0.04079292962992169,0.01668818253592004,Lasioglossum
0.1606128542560999,0.7754244663121567,7,0.03623957500039496,0.01864960561115935,Agapostemon
0.12483306182949559,0.9014302909780397,4,0.06630197097110319,0.03580791332141887,Osmia
0.23567222587959916,0.9349803753948112,5,0.0944974764099188,0.025720548435917465,Lasioglossum
0.15613261473134085,0.937776528037936,5,0.056312265229462685,0.032356239333866846,Lasioglossum
0.1466684497342115,0.9568332444845377,4,0.12205793855103474,0.04926267173609435,Osmia
0.1397738429766056,0.9686290038611289,5,0.09475573010122898,0.05332322451565643,Osmia
0.11241484776866398,0.942489501641097,7,0.058330519751345546,0.0216311285210627,Agapostemon
0.10712253714044885,0.9448674053807563,8,0.03339479506901275,0.017131578360196263,Agapostemon
0.1593707642083962,0.9704322014207023,5,0.10824153796223822,0.0542627054214789,Osmia
0.0687497925724337,0.971145635803852,8,0.02842587368490923,0.010591897441297725,Lasioglossum
0.21728819103696434,0.5941305549891166,4,0.0362224870321043,0.018242525255271553,Osmia
0.4132667710176069,0.7799844926171119,8,0.03244334021802554,0.022607932175442713,Bombus
0.15887569517510897,0.9624031281917734,4,0.11469763014179067,0.026091954643679745,Osmia
0.14931589981242413,0.9169725098549455,4,0.0840022619441686,0.042230720861920965,Osmia
0.5752650176678445,0.7573872045007863,0,nan,nan,Lasioglossum
0.15884686590848981,0.9584597763658846,5,0.11396984924623116,0.04370802424441355,Osmia
0.061332899434336084,0.9271881544606917,4,0.03415997473176428,0.017635001420277366,Lasioglossum
0.14084535336895818,0.8781556258297815,4,0.05669673349672546,0.030118700349533387,Agapostemon
0.33950703662242127,0.7951213540532572,5,0.08541100271869503,0.11252518126593833,Bombus
0.08896216079555032,0.9620657512139839,8,0.03493963846283499,0.02046397442139142,Agapostemon
0.3554285993310384,0.9490349854922051,1,0.0951927537293391,0.0,Lasioglossum
0.1589818405190617,0.9673411809348098,4,0.12688121472722386,0.034927837375726856,Osmia
0.16503857214588943,0.9110183608071718,4,0.10614187246085725,0.04965189339703343,Megachile
0.3047940887196429,0.9809285094543677,4,0.07313444127808741,0.02065639188384594,Lasioglossum
0.16773539226591638,0.8938203474732198,4,0.0903781979977753,0.04733546615208727,Osmia
0.40266051443157275,0.5361436711144867,3,0.05410476252808866,0.019272985006856827,Lasioglossum
0.12265199036012785,0.9430917330379296,6,0.07131055543211354,0.03668760536828087,Lasioglossum
0.14191207652075577,0.9692254176549947,4,0.0770531970032512,0.03213825056335691,Lasioglossum
0.14880164014732297,0.9455409372850675,5,0.05835767549032059,0.043572148215584174,Lasioglossum
0.11794565106407806,0.9517413265897731,6,0.06598645409416008,0.04770630405787984,Lasioglossum
0.1379029003561841,0.9074888851870141,5,0.04756549049883319,0.02237632934957937,Agapostemon
0.621668338277032,0.907071108150189,3,0.05526984059239026,0.023354772815365535,Lasioglossum
0.2433279065850783,0.7329197587905396,5,0.03566159546398697,0.01707044683545559,Lasioglossum
0.13249774885990648,0.969075053838257,4,0.10244502861126441,0.03605568204908913,Osmia
0.4072102712354392,0.9147934728783153,4,0.026137233228466967,0.002814861716866678,Lasioglossum
0.16215130395290747,0.9762995446934092,8,0.0590228650282101,0.03052522285322349,Lasioglossum
0.15133513351335134,0.9038700443956371,6,0.08785878587858786,0.019675027762939175,Lasioglossum
0.12169275177035786,0.9407659761496204,9,0.040059306017496604,0.024473126945002744,Lasioglossum
0.1490753960160446,0.9671287678019445,4,0.11785726425997689,0.03987820926980948,Osmia
0.1626821964495475,0.8872405303692008,4,0.07598481213705474,0.04601737610558735,Osmia
0.16496620213479277,0.9473617202469671,4,0.05842590746815027,0.025054056855978845,Agapostemon
0.21363402978000712,0.975040419709713,0,nan,nan,Osmia
0.13956734124214934,0.9277883492771061,5,0.06589367831517168,0.021855475459955438,Lasioglossum
0.16262580599110138,0.9328106604421696,5,0.045877846249018535,0.016481498886534315,Lasioglossum
0.12972288725611603,0.9072797847622873,5,0.05114064778887697,0.011090042163578393,Lasioglossum
0.075843460910575,0.9544631091358432,5,0.03028523489932886,0.014284903783376941,Lasioglossum
0.10044853635505194,0.9004191698954576,3,0.11272426817752597,0.023613021444702828,Megachile
0.2093608924374137,0.9518287206893027,6,0.09444838264373391,0.03724468662962849,Lasioglossum
0.18880523731587562,0.9183746345815706,5,0.0930343698854337,0.05404823471439987,Osmia
0.17545963229416467,0.7280219650850792,7,0.031099932084407658,0.014328712443914801,Lasioglossum
0.15967326009510038,0.9388924337336352,5,0.08183999880751859,0.024570052432133,Lasioglossum
0.28491968602172896,0.9555860962072202,4,0.05979622602276862,0.02195975127862705,Lasioglossum
0.22567227268639267,0.8516090716671372,6,0.04231683005066403,0.02766730060292711,Lasioglossum
0.21057847430283474,0.946289631590176,5,0.11600829684259047,0.05369817929757742,Lasioglossum
0.06872460556171178,0.980119486923194,10,0.034189224843016196,0.013819195925751343,Lasioglossum
0.12746541352650412,0.9562883796835515,14,0.03855871239291181,0.03744480509683687,Lasioglossum
0.3634121989592158,0.961965975285096,5,0.07052523296623503,0.046416981649407496,Lasioglossum
0.10586473095978799,0.9440064979138777,6,0.0590256173906364,0.028154020358659628,Bombus
0.484267537826685,0.9559227822010321,1,0.07771664374140302,0.0,Lasioglossum
0.3778610734508334,0.8511748012926843,1,0.07274446583801397,0.0,Lasioglossum
0.10947124273820334,0.9499900117991588,5,0.05290417163550431,0.033324927324470156,Agapostemon
0.08166164939481933,0.6884509023608476,6,0.02100298076268452,0.010026265804864612,Lasioglossum
0.10981239240797798,0.9410274471801493,6,0.04444943951637957,0.02561311384500879,Lasioglossum
0.07395984203561493,0.8740064084682891,6,0.04591491179627179,0.02883149740029867,Agapostemon
0.0977711887830741,0.7995893641327529,4,0.0335075508204136,0.005924356247574612,Lasioglossum
0.17706500141924497,0.9593060219761772,5,0.12026114107294919,0.037144969592450755,Osmia
0.12694998671541896,0.9316762254762344,4,0.06237110793405787,0.010919944497816065,Lasioglossum
0.060553344403735825,0.8556958768297485,4,0.03248416317421826,0.016322645793143208,Lasioglossum
0.15650769230769232,0.9039420245986438,4,0.0930076923076923,0.05220918949242193,Osmia
0.1555927149649448,0.9583401561794238,6,0.1098564214145647,0.02933055563567297,Osmia
0.11033852552858509,0.9205789652261013,6,0.03790687659520833,0.019496370041472724,Lasioglossum
0.10964569775849602,0.9063164195046766,5,0.027777295733911782,0.022174910982043935,Agapostemon
0.10555713820608822,0.936819144960954,5,0.05452954582451571,0.02295708575837722,Agapostemon
0.19962735642262167,0.9467305542287401,5,0.10722928540113985,0.047268015979957737,Agapostemon
0.16769963530560594,0.954868740942962,7,0.055074262710923465,0.03282585581475834,Lasioglossum
0.09325324040107606,0.947703529820152,5,0.09478478845683541,0.037822293908619714,Megachile
0.08900344113735759,0.9370363663400797,11,0.036885353168376434,0.025046314281910828,Lasioglossum
0.18984954528309794,0.4782662655405043,8,0.045146892418591,0.0345840240068193,Lasioglossum
0.1085944357516315,0.9524810732074332,7,0.03281930640439208,0.016308155218372103,Lasioglossum
0.17066671742068099,0.9589528107543513,5,0.11522049447098456,0.033938320916301126,Megachile
0.12352316654870148,0.8922851921383813,3,0.09953086150886553,0.01286360634760308,Osmia
0.12426876901200569,0.9244473691634999,7,0.06664969567934091,0.031092273655796608,Lasioglossum
0.18143260059853167,0.9300016569552272,3,0.10816629706977846,0.04580212509682632,Lasioglossum
0.16362524413580856,0.8957430747594991,7,0.05549809341559031,0.03307142876458594,Lasioglossum
0.19417331522661688,0.950535005213935,3,0.12995105528206868,0.03568508312734492,Agapostemon
0.09562558514770622,0.9449835512766988,4,0.04896316806438119,0.018865927631739807,Agapostemon
0.24888582156768707,0.8682650663614393,7,0.08579717022908544,0.03779578434399008,Lasioglossum
0.30172983534955894,0.5559014957429622,7,0.04831552459494185,0.034152323365751906,Lasioglossum
0.1458252148409459,0.8978823982329969,3,0.13041546171148075,0.03875770420428482,Osmia
0.14289275564640774,0.9430120070355801,7,0.07731358485459297,0.05299651803939835,Lasioglossum
0.13312625944988513,0.8855802814416983,4,0.07761099202936685,0.026094486174696226,Osmia
0.4845298833819242,0.9562889879871835,5,0.059650145772594754,0.04035796392207917,Lasioglossum
0.3176014618419674,0.1669741004720507,7,0.026716192826133585,0.013849141875354652,Lasioglossum
0.16586768935762225,0.6536897329722565,6,0.09949446526627735,0.0286412348647065,Osmia
0.09234367971210077,0.9026462805094885,4,0.07513720197930725,0.040948251096469164,Megachile
0.18346924671734624,0.925832487306294,7,0.06055484253134564,0.029765595490093798,Lasioglossum
0.15825976216290635,0.9544092993209916,4,0.10570585299533619,0.056616302993944385,Osmia
0.1292982048372322,0.9500423005250267,6,0.053143927482533736,0.027985633850045696,Lasioglossum
0.15969879223509853,0.9321801915738054,4,0.09428634296611413,0.023843203641332945,Lasioglossum
0.3203423983504897,0.7372392850168583,6,0.06192953133705098,0.03326982474858797,Lasioglossum
0.14457162983182179,0.7356966445678235,6,0.02725485016583018,0.014629252600232252,Agapostemon
0.09608330375103538,0.9537349737238484,7,0.03668725074475873,0.02234909166498011,Agapostemon
0.1758938031036417,0.9208490589480323,4,0.11415854747907016,0.05297663966801755,Osmia
0.0653386022844151,0.8956946921744188,6,0.03595638078396699,0.008136140327103589,Agapostemon
0.09740479288546458,0.9120731581094322,9,0.02112070781066611,0.012028562295394047,Lasioglossum
0.08114091439188789,0.9215838194467554,6,0.04089824935924045,0.01571374094935009,Bombus
0.10683827644096251,0.832764320483663,3,0.05322887520984891,0.0522317464068725,Osmia
0.16397300825564934,0.9698738988520086,7,0.06693301182793157,0.041581038903361886,Lasioglossum
0.20451790188313262,0.9403788430030532,5,0.11883940838923462,0.04804226311296072,Agapostemon
0.15270708005552985,0.9800224962853016,6,0.04533750993723229,0.028394683924046094,Lasioglossum
0.0960643330179754,0.9545163283954603,3,0.054919583727530745,0.011374973257517964,Agapostemon
0.14629783044579717,0.7895981090768854,4,0.03592311109510259,0.023945483762640947,Lasioglossum
0.1487404922347225,0.9104260201505553,3,0.09760823668912862,0.02284620305892794,Lasioglossum
0.28758327489481067,0.7776255853602704,3,0.06069571061243571,0.02905785208696667,Lasioglossum
0.35944324997170984,0.48686067266485133,5,0.04061106710422089,0.014633872687642517,Lasioglossum
0.12479942191003475,0.9441040276736219,6,0.05223177440322484,0.02382439483414588,Agapostemon
0.14387123714079642,0.9473820964896695,6,0.0630274962355591,0.029357834811769946,Lasioglossum
0.08827463218903255,0.9290683738551735,3,0.08880538394582085,0.015134017568830812,Lasioglossum
0.17586247463309904,0.960857189584194,6,0.07733350979873141,0.03806291950528075,Agapostemon
0.1480031878154609,0.9494599242139844,5,0.07693615514035243,0.03235484940605888,Agapostemon
0.09535181030947729,0.9462175111783141,4,0.05522589671225607,0.017035948964504815,Lasioglossum
0.18373977450733914,0.8915340001814132,3,0.1440948384227117,0.04045364541953648,Osmia
0.39456364706511854,0.7523164546665385,6,0.04716083733152597,0.02158265487243835,Bombus
0.32479848269321954,0.9480790503574604,3,0.0647198923060992,0.04063884610651131,Lasioglossum
0.15980515966083347,0.9239677865181412,5,0.0741187082807144,0.022725480538326986,Lasioglossum
0.25467116357504216,0.8360284343036485,5,0.056684654300168634,0.03127170308699353,Lasioglossum
0.18408360128617363,0.953922972124421,5,0.09383594444824518,0.03887108574140614,Agapostemon
0.200737612913571,0.9338081631860442,5,0.11321396119514672,0.04918191026291833,Lasioglossum
0.08919841343049534,0.9050862411144193,6,0.0669526181471574,0.02685342367113191,Osmia
0.4153807042074488,0.8710679224296087,4,0.06396974704461675,0.03408634210052717,Lasioglossum
0.13081503206770437,0.9391703009692753,5,0.052303044223396176,0.034548640208813576,Lasioglossum
0.15506692869591013,0.9201079976826928,5,0.061594176029268165,0.035127565112607846,Lasioglossum
0.13584297390981842,0.9055730835528074,8,0.04363757613796842,0.02657038998307258,Lasioglossum
0.1867381855174327,0.8289907471528258,4,0.10153518912420235,0.048082109340366413,Megachile
0.4068906440559847,0.4270491966669943,4,0.05450374586212904,0.01624135512451292,Lasioglossum
0.12249515190691661,0.9527358237579826,7,0.04786949744932938,0.018900925163408504,Agapostemon
0.31002395634621355,0.7953134470996552,5,0.05449625127545362,0.026049255312352793,Agapostemon
0.16187565858798736,0.9045052193626472,8,0.038918598524762905,0.03169215129917227,Bombus
0.159753248350207,0.9386905050720767,6,0.07163107485893074,0.03208016355653814,Lasioglossum
0.10805109085022611,0.9305889109006713,7,0.04130057574930213,0.02241802713061457,Agapostemon
0.10720300061236987,0.9285251947042361,4,0.0900997014696877,0.03393257828227209,Megachile
0.6286016468988441,0.7108513076961271,2,0.0458940847624084,0.01041776837652036,Lasioglossum
0.15690357763528495,0.9431297879742104,6,0.07676384810531152,0.033419788317545565,Lasioglossum
0.178226315533902,0.9314505052138579,6,0.07686289743880266,0.035287230720896526,Agapostemon
0.11434506981924099,0.9225662096438265,4,0.05994067506210914,0.025801372388911656,Lasioglossum
0.17096878897107812,0.9518073222514952,5,0.10088661871978408,0.039306063211156955,Agapostemon
0.13757683855145397,0.9452508084101361,3,0.03141489101931182,0.008196758484660296,Lasioglossum
0.1417847465908586,0.9579552383271684,4,0.11049171589748145,0.02782496243029972,Osmia
0.17528816025067145,0.7704550390644512,6,0.03819522157564906,0.015125977018857607,Lasioglossum
0.09283061445160078,0.8353328120052886,14,0.034812655728456585,0.02560424339014935,Lasioglossum
0.09073316781072002,0.8246073066745406,3,0.032754612725767976,0.014107388800553554,Lasioglossum
0.12555146047637383,0.9487284518362454,5,0.0760481874690577,0.034621393254931784,Agapostemon
0.316312181402707,0.5834949654468801,2,0.052799261733169275,0.0011205835823519072,Lasioglossum
0.3553950854589849,0.9692824599724728,3,0.08537240029785097,0.04057484076335666,Lasioglossum
0.2390385412349772,0.6622434108662059,6,0.039713127964267625,0.025195266746268583,Lasioglossum
0.19273821841783464,0.9036691441644334,3,0.13880788887843726,0.028154543960810005,Megachile
0.19212976691773917,0.9435343385092663,5,0.11161852796394045,0.036348621685426935,Lasioglossum
0.1521563808133953,0.9173594231583408,3,0.1111537821472919,0.018084116025686315,Osmia
0.12720048562441366,0.9303674219447212,5,0.0730386476095874,0.03157079319154765,Lasioglossum
0.17573942584810576,0.9506254865317016,4,0.07176496159976815,0.03349956480641554,Lasioglossum
0.15701102281466292,0.9639821248866495,5,0.1065917164097118,0.051129101981138826,Osmia
0.4987735486992942,0.7974408465300583,4,0.06384638488878507,0.03222371386189102,Lasioglossum
0.07979131993342722,0.9338707649599522,3,0.08850766013741306,0.023907174100974694,Bombus
0.1005385538170959,0.8047922340080765,2,0.057122438040787156,0.004466678577809541,Lasioglossum
0.08596369465977184,0.9186982911142749,4,0.05050635881093657,0.038517694676596645,Osmia
0.11694510739856802,0.9249010736931292,4,0.07841660471849446,0.019447687276894252,Lasioglossum
0.1616094047991802,0.9374758976610953,6,0.06517747858017135,0.031108851113512484,Agapostemon
0.11774163789240623,0.9509984156587413,5,0.05526239489707161,0.013310936080221835,Agapostemon
0.18038914490527394,0.9280875700726514,3,0.11786994367639529,0.02856810454925466,Osmia
0.10949350335477782,0.8982265237423139,7,0.07925693438577396,0.04121474001205456,Osmia
0.18369248458656307,0.9304995485666403,3,0.1460658565113098,0.017253667675606876,Osmia
0.2121734335148549,0.9468466666088671,7,0.0924282858521502,0.04855891247628217,Agapostemon
0.1698335109706347,0.8825235824080288,3,0.14130741053817977,0.01649430812898344,Osmia
0.15536656766170218,0.8712086210841972,4,0.048393128058291844,0.022643905566788382,Lasioglossum
0.21443845542104797,0.9266531608548724,8,0.07537775028717858,0.04447368385046914,Lasioglossum
0.16170504542597566,0.9195995247525781,8,0.06934127573662457,0.03221340602564454,Lasioglossum
0.11414783482508004,0.9480689470542579,6,0.05801843066688478,0.028336242985035582,Agapostemon
0.25005980484734025,0.6805742724466414,6,0.04619032630364075,0.02292909055263518,Lasioglossum
0.17540580948312687,0.8637908345619343,6,0.09009089183160093,0.04586606488484893,Megachile
0.09323480219817729,0.9309632441983939,4,0.025254292248353075,0.01680789341611761,Lasioglossum
0.118342010412495,0.7856991893253782,5,0.01605752990545176,0.0036477729892013472,Lasioglossum
0.20710501196619033,0.7359351012210407,4,0.0311812635743633,0.01218307391260865,Lasioglossum
0.20886409957781338,0.7706611037997924,7,0.03710381007840609,0.04489014782566915,Agapostemon
0.0991497285413021,0.9858366968933113,10,0.04003342755866649,0.024954748090577523,Lasioglossum
0.165539483971853,0.8969475163447365,3,0.14250716705759708,0.03828752578454267,Megachile
0.23876934020985238,0.6256560213261612,3,0.054620902246724765,0.008789512936192045,Lasioglossum
0.1352762144423852,0.9284256722152332,7,0.06191293955903821,0.03413287284462322,Lasioglossum
0.1500475104522995,0.9437480815223646,4,0.058131413911060435,0.042690564633001235,Lasioglossum
0.10515918828086919,0.9628671679914049,5,0.05699479206752354,0.034998389792984114,Osmia
0.13081341486010747,0.9717626153331264,6,0.09539250200728801,0.02553538329476433,Osmia
0.13425159717402524,0.9311061470549863,7,0.07968709879979967,0.05257186871627853,Lasioglossum
0.3360190871044706,0.7639748003968779,2,0.0609574842570501,0.010736496264716235,Lasioglossum
0.2082759976410458,0.8784019701946115,3,0.07868095144485944,0.002092364029415769,Lasioglossum
0.15833973866256726,0.9153313672961498,3,0.14303100179349218,0.0764475619193336,Lasioglossum
0.1343904888399365,0.9568827759638681,5,0.1042923321131232,0.03197056289180546,Osmia
0.4499427818427714,0.9505949085537331,5,0.047106148351076745,0.017977850522489156,Lasioglossum
0.15835135207282242,0.9335193905348762,6,0.07961835864855005,0.03693889876947772,Lasioglossum
0.14629271979175412,0.9694982389492802,6,0.08842612030117278,0.05113228825629546,Osmia
0.08901078040543917,0.9595691650291946,6,0.04041569669660668,0.023594903663833943,Agapostemon
0.43633655994043186,0.5632667334910401,3,0.05587332746677497,0.011648709139532008,Lasioglossum
0.14624971674597778,0.9045357667642699,3,0.08844575370748042,0.04307438948504421,Osmia
0.1517787442845991,0.868758779758099,3,0.07953235939184417,0.013325486896046363,Megachile
0.17573652028904946,0.9594766446601635,6,0.07654715582731146,0.028887397024612183,Agapostemon
0.09643424281795872,0.8215417665990914,5,0.013638660314710551,0.0029252565088438063,Lasioglossum
0.2680210263259942,0.9104795254804336,4,0.05671560601490801,0.025650010307948362,Lasioglossum
0.2032248308192507,0.9493388004344525,4,0.11515632679293789,0.03961793877720688,Agapostemon
0.13569394577194502,0.9367127752913141,5,0.1030704469481243,0.0548632576953721,Lasioglossum
0.23210079938740705,0.8557453758382306,7,0.04384614237151045,0.02254140086938642,Bombus
0.15337954939341422,0.8848130981858624,4,0.08836161026483019,0.03879773717735453,Megachile
0.09560139308460487,0.9155106755638882,5,0.048099901868349663,0.029123460960902767,Osmia
0.21569567079263444,0.9433202566457325,5,0.09440037521156631,0.030194288090226323,Lasioglossum
0.09418342021418205,0.9153061777572066,4,0.03732942297948352,0.01682634534068276,Lasioglossum
0.20167886353852776,0.9450689482211277,5,0.10067800258286698,0.046142885683164665,Lasioglossum
0.276344980587909,0.41515244467234674,5,0.03111172736796697,0.00789834561344908,Lasioglossum
0.18912217165043477,0.9468471346523629,6,0.08448207420458191,0.03486867015252743,Lasioglossum
0.21367098624987635,0.9452695985121072,3,0.12337191281696179,0.03517029649506468,Agapostemon
0.11470414041888763,0.9029890867213825,3,0.06678870762217555,0.018417829747043545,Osmia
0.11696714161093341,0.930377409119169,8,0.028217989725695454,0.016754526301020523,Lasioglossum
0.3106032174935575,0.6241338706661985,6,0.051858940679026244,0.027166510761697942,Lasioglossum
0.10015772870662461,0.9488210857269155,5,0.05609639791651383,0.021752903040667317,Agapostemon
0.30050820527126515,0.947902536254269,4,0.05176355719431877,0.018184790112032355,Agapostemon
0.10312633009762058,0.9606734800842817,5,0.06286161492729943,0.04214990294552556,Megachile
0.19120954441279156,0.9956548250112075,1,0.08895409857133678,0.0,Lasioglossum
0.2359397960546823,0.691195445859514,5,0.07583381573674133,0.03867623909009039,Lasioglossum
0.1645843865097133,0.9142373288256627,2,0.12009821622011989,0.01697118509424424,Lasioglossum
0.2964104120816574,0.6991089242842379,5,0.090812779843667,0.05136510273555474,Lasioglossum
0.13942300767690735,0.9667374609661737,5,0.06542511054458511,0.05234251976319195,Osmia
0.13439638562221778,0.8954926532495668,5,0.06049564812969238,0.03570654868527568,Osmia
0.06518354795310398,0.8920027105133731,3,0.05091293484528157,0.014018055393841197,Agapostemon
0.3620832930717944,0.5447151639878148,3,0.04573710825522594,0.015027470077842239,Lasioglossum
0.08763927171085834,0.9709182664415104,5,0.0443573120074537,0.022664752001928322,Osmia
0.12373938806905589,0.9549132638381352,7,0.07035211668850777,0.05015811127596482,Megachile
0.1834042195981868,0.949456724513186,2,0.07532598354692484,0.042475796071408584,Lasioglossum
0.8010800127060318,0.7516787097890686,2,0.0733243920516712,0.0238061624254403,Lasioglossum
0.11731781036605843,0.9429676647382067,5,0.05413410948169708,0.028872630415872153,Lasioglossum
0.16528002832282573,0.9477437123321751,5,0.08990590830485165,0.029016141083518368,Lasioglossum
0.15340515526211074,0.9381308996464113,5,0.080509336359483,0.031314463747272724,Agapostemon
0.3560699377266817,0.8115742057859066,2,0.04812495722986382,0.012985013344282488,Lasioglossum
0.2656216514098521,0.9128908802993516,2,0.12192695098429415,0.06752288522181062,Lasioglossum
0.604355344027666,0.8859506271531924,2,0.06443991713889508,0.0013182448511410523,Lasioglossum
0.4127938839261248,0.553524300991602,5,0.030999616375294567,0.018709086554066598,Lasioglossum
0.10333378052052589,0.926911896283398,3,0.0690457025310795,0.04644908810234859,Megachile
0.10478833462447415,0.9408848015714609,6,0.03846292137769628,0.023079899310857147,Agapostemon
0.14537998742853722,0.8675835103183172,3,0.1000379139353667,0.024265163759590577,Osmia
0.19064405870920179,0.6411316725032863,5,0.027845318678372765,0.012396981035720808,Lasioglossum
0.07329790808516994,0.8666632054373903,5,0.0657266946252349,0.030204365323327556,Agapostemon
0.15839938847067817,0.9616682359663195,5,0.09981886767369594,0.056018927781647056,Osmia
0.15275932120545602,0.8785977864873763,3,0.09072487233143423,0.020221159472636203,Osmia
0.40010461303236966,0.6051745987045146,3,0.039900483499976526,0.011202917864210026,Lasioglossum
0.14536279323513365,0.9507907381249465,6,0.09353291507546826,0.04237274660411991,Lasioglossum
0.11896251931993818,0.9219615127682832,3,0.1213775115919629,0.040619164952730276,Bombus
0.6099216031647489,0.9165244405786731,4,0.04873814302008287,0.01713608814450493,Lasioglossum
0.19363060417020656,0.9228762246235723,5,0.119508702089958,0.0364630978796499,Lasioglossum
0.13955623565416986,0.9335396113272212,5,0.07193879112471308,0.027983505909751277,Lasioglossum
0.16658517504400547,0.9401465873173851,5,0.07219587326422844,0.03292637712666378,Lasioglossum
0.13156350098106626,0.9611637503193241,5,0.09714736118331685,0.03816249601301236,Osmia
0.09002408771526521,0.90360340307308,7,0.04263825449020999,0.030176689738986785,Osmia
0.13570540944941797,0.9458514620460756,5,0.09875225076716289,0.06126296046075283,Lasioglossum
0.06565191783847456,0.8910548620499126,6,0.0286310707011215,0.011261214444986428,Lasioglossum
0.2687549515509781,0.7560021210662408,3,0.11912162024905032,0.03963666267354681,Lasioglossum
0.22200710337276686,0.9868499306529145,2,0.11030923705503778,0.02064918418030817,Lasioglossum
0.12001635453439438,0.7829801642431852,5,0.04494904166417359,0.022154500693147387,Osmia
0.12554283458349783,0.9386740296707347,5,0.08838662981971311,0.049220190220484586,Osmia
0.1822156606666288,0.9346244662402224,7,0.04188291408778604,0.049257267202063006,Bombus
0.3236377423897736,0.578105950185775,3,0.042014227422092223,0.015012451340354917,Lasioglossum
0.2298102741140716,0.9855290962229989,5,0.049458558319317815,0.02491802743983372,Lasioglossum
0.11242674321253439,0.8978428729069442,4,0.0851971454770163,0.025872964939863175,Osmia
0.20928134797610914,0.9885027176227901,6,0.026586738596091758,0.010630695792279548,Lasioglossum
0.24179095849231125,0.7887712749188384,5,0.05467395074575095,0.019671597701974946,Agapostemon
0.10875315472723743,0.9516975494764359,4,0.028598815763929333,0.01629055204865168,Lasioglossum
0.11977410773979716,0.9161039097682228,7,0.06480482347848882,0.0336806395103711,Lasioglossum
0.15978196900484826,0.9169529338121636,4,0.08923016562508758,0.04125813353733043,Osmia
0.16141685953006707,0.9633948569978339,5,0.11969952535990272,0.041823918129019345,Megachile
0.6231012335610154,0.7508026758499238,3,0.09926258198253304,0.08379150953651375,Lasioglossum
0.15989786825690588,0.9359558251582492,7,0.09124536098626165,0.07555545983785135,Lasioglossum
0.5454186491875778,0.973129966754486,4,0.0532664705533948,0.016308050533583345,Lasioglossum
0.2823004904146233,0.5826923661714337,3,0.035874572744835784,0.010194990247491903,Lasioglossum
0.1725430771874463,0.9482765054426794,5,0.08980363363691751,0.04701502248156922,Lasioglossum
0.27106198415884236,0.677245275476737,7,0.020609169856763823,0.01138029748633954,Agapostemon
0.14488165234433892,0.9087438113604395,5,0.0849640685461581,0.038975585713266286,Lasioglossum
0.10860782223219796,0.9163944774223347,6,0.05367107469963651,0.02840461713993102,Osmia
0.21400295837148695,0.0759968003920741,8,0.037770303585264495,0.026728857007664718,Lasioglossum
0.1943917724570143,0.9492593870787814,5,0.09840912743049976,0.03886053164189216,Agapostemon
0.31018129800665484,0.665128633137607,5,0.04563858568896352,0.013952904914239738,Lasioglossum
0.1296219807847715,0.9104815641974313,4,0.0760348388255365,0.03412307235469098,Lasioglossum
0.44191133389753273,0.9667489791505005,4,0.039343141722544106,0.01901329058637552,Lasioglossum
0.12345301445552226,0.955813040973369,5,0.06388973841417415,0.033742969641404996,Agapostemon
0.27062420382165603,0.3408996004034314,2,0.15006369426751592,0.02838216560509554,Lasioglossum
0.09328120234034884,0.9136279165202281,6,0.08917265156346764,0.042524713947825976,Megachile
0.5745770557405444,0.8801689489653558,5,0.05144614833286049,0.015122943030454666,Lasioglossum
0.16389596528148379,0.38500491145146887,7,0.039947295059918786,0.026908855042840085,Osmia
0.11418390405006083,0.9396633502092295,7,0.04181420873581485,0.020772789653712417,Agapostemon
0.14683382137628112,0.919444543270259,4,0.06718521229868228,0.034250841927108235,Lasioglossum
0.12632978723404256,0.9310887229935331,6,0.09944080741953083,0.04563938879966316,Lasioglossum
0.17395297809641658,0.6033557299527447,7,0.045425469681423955,0.03108304939132463,Agapostemon
0.12100331836814367,0.8840201349008782,5,0.0499804801873902,0.03882792640450294,Agapostemon
0.1425891181988743,0.9604902292622414,4,0.10746299770690014,0.03519409921924046,Osmia
0.1515711362872935,0.9046411537924742,3,0.12169562606243828,0.014625335372839436,Osmia
0.06968631232628056,0.9129623739958,5,0.04574091931854709,0.019287001281303007,Agapostemon
0.16706133713166563,0.9358069189135846,3,0.1370189026380605,0.026231791989271173,Osmia
0.6096761535443067,0.9141741149948414,3,0.03845532396186783,0.009898154666287115,Bombus
0.21130914683796254,0.9208410437148753,3,0.14055309267468863,0.019908124540832867,Osmia
0.16190664979186045,0.9235174427931728,4,0.11114880834388009,0.022045365776038304,Megachile
0.3482302548387464,0.663718158370073,3,0.03987954872542653,0.0157223020815613,Lasioglossum
0.2484813872592285,0.969091241561974,2,0.06988214526763926,0.006489798037485074,Lasioglossum
0.282634388105223,0.6004580936839311,5,0.03277163553183378,0.012492202619712962,Lasioglossum
0.09836226180951292,0.9031125257177308,5,0.10156915892428522,0.03281425812248908,Megachile
0.08649008670417108,0.948318112321183,7,0.03667978924582833,0.015203947847982914,Lasioglossum
0.22463530030227363,0.7776923240231862,5,0.07740833223813905,0.0523687010668551,Lasioglossum
0.28572874933105774,0.5230461718959198,3,0.03414859919871563,0.011873639836334625,Lasioglossum
0.30637488106565175,0.6504168009872784,2,0.05638439581351094,0.005575642245480495,Lasioglossum
0.6477335122933318,0.9615187565272356,2,0.056951985845891034,0.016055558944949463,Lasioglossum
0.2619920053297801,0.9291156998752697,4,0.13692954696868753,0.08637104120872227,Lasioglossum
0.1684199584199584,0.9476039374127888,5,0.06649064449064448,0.029575358924986396,Lasioglossum
0.2012932188381623,0.9362103527308503,3,0.15064214767680512,0.02778505402268253,Osmia
0.7856554397867701,0.8832729769426229,0,nan,nan,Lasioglossum
0.17826364022576927,0.9690498680719686,1,0.14429204345451235,0.0,Lasioglossum
0.16125150421179302,0.9563973062522845,5,0.0966758872896057,0.044409126837925715,Osmia
0.12485593545908567,0.9389620640185976,11,0.03772612444424689,0.023160562420280573,Lasioglossum
0.13741195967407815,0.9438835486206231,6,0.05754478914263474,0.024596326172354323,Lasioglossum
0.1041827683927717,0.9125480474494844,6,0.05677468624636561,0.02444029119077289,Agapostemon
0.1715356673622382,0.9619305400713729,5,0.10928587989798284,0.054227956687709376,Osmia
0.09408346404052352,0.9493391166786208,4,0.056369082821218275,0.016835418919401827,Agapostemon
0.14100137273318403,0.9736734501211869,6,0.04975074055342822,0.025246577010251813,Bombus
0.15571380608223923,0.9164186032249919,6,0.0769733703239031,0.027891551733542783,Lasioglossum
0.12493070953436806,0.8403635427310308,7,0.05396737408932531,0.03559613465361068,Lasioglossum
0.6636091870215093,0.909008637266509,3,0.046703123101227366,0.019641459661166965,Lasioglossum
0.1567774896346103,0.9630380359700895,5,0.11949935556004161,0.03041537475530026,Osmia
0.20510359031644354,0.9360635773474487,6,0.08209845298145789,0.046150097078023915,Lasioglossum
0.15219326764367527,0.7957872840077682,6,0.040055686156821556,0.041225057422047316,Agapostemon
0.20451708688625822,0.9216992621437753,5,0.09441473637187792,0.04303246241219522,Lasioglossum
0.2169343128968641,0.9705122766445778,5,0.04372494202804326,0.025972833384703263,Lasioglossum
0.12713488294593017,0.9197949482107336,5,0.06316754144797135,0.031002066477358554,Lasioglossum
0.5467798602168015,0.9424708445549578,4,0.047104937422637876,0.017599503968082398,Bombus
0.2807316035729477,0.9604091641579255,4,0.07230300935772012,0.0349032251862054,Lasioglossum
0.1592479674796748,0.9189974884602953,4,0.05897273035230352,0.03961550758195449,Lasioglossum
0.668206973785785,0.864788072143016,7,0.03792727990046768,0.023554108916852487,Megachile
0.18309751287598844,0.8844103379187728,3,0.13972441874565217,0.0341195896646635,Osmia
0.10970146371606225,0.8971867552666181,6,0.08607860554332575,0.05774152032305065,Megachile
0.1603266133237972,0.9105509594201388,4,0.11349142491022604,0.01704866612402248,Megachile
0.15390780455449923,0.7104238025776256,9,0.0345814806626215,0.034908776977161896,Lasioglossum
0.2925537758442643,0.9156849905422103,9,0.02464131127370202,0.008197234155200557,Lasioglossum
0.5041449067153313,0.8835167197123539,2,0.08537342988603934,0.03829427866974704,Lasioglossum
0.10277171851289833,0.938489469866146,7,0.038217401907652285,0.027847135538093166,Lasioglossum
0.500456441190685,0.9584599724736735,3,0.047034325570849814,0.023266064028497332,Lasioglossum
0.1804609884483409,0.9074054754679761,3,0.12194216385510423,0.04664256653022593,Megachile
0.1408569311266309,0.9471258423907964,6,0.06455240918311589,0.024197003435544692,Agapostemon
0.24790840422102947,0.44540831113095924,5,0.03208655072382527,0.009985083551655505,Lasioglossum
0.408474349641207,0.5375098041440318,4,0.05977283869913384,0.018039951283092357,Lasioglossum
0.13886152162014231,0.9052715124709623,4,0.04619823024995439,0.025481038186519908,Lasioglossum
0.10075656962081984,0.9361176833893493,5,0.07439153597063256,0.030528453515699945,Lasioglossum
0.15057031735137433,0.9655538219149988,4,0.08520034643919339,0.04827181771901347,Osmia
0.15906957338061958,0.9429487792173575,5,0.0876186502555544,0.034406010289504525,Lasioglossum
0.21394276934895334,0.8927821760099226,3,0.14703982401312918,0.020080493478088834,Megachile
0.12413871288750047,0.938260072855545,5,0.06222177434592566,0.0250417093102689,Lasioglossum
0.1188673195037123,0.9583876463928356,7,0.07127352556671024,0.03460672951870004,Osmia
0.17005780786491215,0.8971262181490042,2,0.13139879820491368,0.03071042823457823,Megachile
0.1093467984529437,0.9018353335383187,6,0.06774280189084658,0.03135984781336314,Osmia
0.15702119472207876,0.6751557599096762,7,0.06032054648271193,0.04930033834205496,Lasioglossum
0.14654195011337867,0.9622706789599571,4,0.12346761621315193,0.045094997030165576,Osmia
0.10463434654020039,0.9127922384291153,5,0.04239573697445051,0.028359290886171,Bombus
0.20093532096817854,0.9713346458397379,4,0.052058732929458874,0.02485958950469851,Agapostemon
0.19047091617286002,0.9038163221096461,3,0.14974802015838734,0.018106155716203626,Osmia
0.8221816468370833,0.8356111799237523,1,0.1417128048062198,0.0,Lasioglossum
0.4113747645951036,0.947468656400325,8,0.03483364720652856,0.020385184248019435,Lasioglossum
0.07233053750300876,0.8958611421569964,5,0.05606658149567664,0.014062779331755404,Lasioglossum
0.20997613255611144,0.7773640916384096,6,0.049427410841327395,0.03605592755691995,Agapostemon
0.1282074514351986,0.7765565596082238,3,0.014512056634773365,0.00438717783513094,Agapostemon
0.07867984681089968,0.9066400419210833,15,0.022223113374638247,0.014085303670082107,Lasioglossum
0.19630952856173406,0.8254023992809802,9,0.06615615255988894,0.03767640296807661,Lasioglossum
0.15756265442993295,0.8786250729207066,5,0.07933874573479233,0.047599785053219344,Osmia
0.3198488487902045,0.6972004706575073,4,0.05447741519714101,0.013482063359842844,Lasioglossum
0.16122025546262075,0.9688217871721072,4,0.11890115412046943,0.02482785749320229,Osmia
0.19449276370720847,0.960019776903738,6,0.11628513776788199,0.045801216235550446,Osmia
0.40435761933639436,0.8849770944505659,5,0.09699096133298679,0.020480995471578316,Lasioglossum
0.16834892565431583,0.9727137109767021,5,0.11590737679926826,0.046659282171234856,Osmia
0.13697163039763016,0.9324473675680884,5,0.08630283696023698,0.0494367128331017,Lasioglossum
0.19558000260382763,0.8681958482960068,5,0.046732196328603044,0.00564940593764272,Agapostemon
0.18344059772155644,0.9082074588378516,3,0.13261330571583568,0.02620590336057227,Megachile
0.11212023962344887,0.9591419474361849,7,0.047652668256005865,0.02323671970606499,Agapostemon
0.09241076585422202,0.7618063407430129,4,0.030919842546272024,0.021610643274158164,Agapostemon
0.13205902079141515,0.8912710548013631,3,0.08770400178850883,0.015394785207251054,Lasioglossum
0.16232548447593248,0.961394094317438,5,0.11353754254358546,0.029662308703000927,Osmia
0.1148792428684097,0.9619101707314872,5,0.0808142735971191,0.029264306998077434,Osmia
0.1358698215549092,0.907724748238488,6,0.06474333778790975,0.03786982526200928,Agapostemon
0.23716643592040612,0.283016417455959,6,0.050467826732180504,0.04617895440463819,Lasioglossum
0.2591571573833465,0.9345339512451506,3,0.03918954543742703,0.01932410170500084,Lasioglossum
0.2172087624410363,0.9806615721265057,5,0.1181595910202267,0.053627459095612,Lasioglossum
0.12783180166702288,0.9180971159382507,7,0.09649879400360273,0.06137708423085058,Lasioglossum
0.07076114369643151,0.966368139264848,4,0.03479355293799341,0.018496880358099183,Lasioglossum
0.11840829778984102,0.9131738555805927,4,0.06160939317564948,0.024540380991155467,Lasioglossum
0.26990592571040634,0.9634616400925445,5,0.06729221220056252,0.029816386951411596,Lasioglossum
0.15020685764433023,0.9413645388791979,5,0.07804174763367391,0.0258962112413597,Agapostemon
0.11346672095232556,0.9470407284290917,7,0.0473905493099351,0.02280023445582896,Agapostemon
0.29125452352231607,0.8279008022496377,1,0.030337756332931242,0.0,Lasioglossum
0.18853425216484562,0.918918971266714,6,0.08506369859908419,0.042928547887204724,Lasioglossum
0.17178262309038453,0.949068373225168,5,0.08265304513708241,0.03477988129924152,Lasioglossum
0.15837482799222596,0.9446068495313029,6,0.09683269258959772,0.07145489805234913,Lasioglossum
0.15458971283426232,0.9352239511657273,3,0.1052470660175451,0.02322841496988087,Lasioglossum
0.04999002394253791,0.8758792315102468,8,0.022095720271348762,0.014614296355689687,Osmia
0.10778081837574609,0.9430653389018897,5,0.054060634790665606,0.03109952305663946,Agapostemon
0.14866691986327382,0.877819896715653,3,0.12035953918217496,0.01859099497685668,Osmia
0.10923686257868308,0.9410366094638564,5,0.052519037178489755,0.02550528645505704,Agapostemon
0.15727172382293608,0.9258124253903757,5,0.07136223499410041,0.02712712057931328,Lasioglossum
0.17430441898527005,0.9721008028112801,3,0.13077945990180032,0.029528489745878517,Osmia
0.20056185879029628,0.8021239736806725,5,0.0455974793959242,0.04407571064541428,Lasioglossum
0.15981661113895687,0.9450199426550473,5,0.07263614116814576,0.03750117673882791,Agapostemon
0.15115295113179605,0.9605173773655765,4,0.1148323460968902,0.034265767254650095,Osmia
0.2062154509909667,0.9017308094324795,6,0.09045286354171349,0.03770242889337302,Lasioglossum
0.12971948445792267,0.7741021781453638,8,0.04599669663164735,0.02711473969878683,Lasioglossum
0.2010082996090267,0.9369450403301158,5,0.09551066602647644,0.0442617845999158,Lasioglossum
0.2231758630582385,0.299861060664422,5,0.02818925121927895,0.0143771053528441,Lasioglossum
0.2425497719375686,0.7789175803845426,8,0.042358493769311736,0.032675196988672744,Bombus
0.24113773294101162,0.7227679309124712,0,nan,nan,Lasioglossum
0.2145256379879859,0.6210736640223324,4,0.042237522474180826,0.012093708645344968,Lasioglossum
0.1538978613504095,0.9399222717027376,8,0.07274327360209443,0.03995236295434849,Lasioglossum
0.15065294617988959,0.9629503128608552,5,0.0943511399456295,0.03792223759584828,Osmia
0.16000453913586202,0.9419738857911252,5,0.07820931090243695,0.03298862147475655,Lasioglossum
0.16623929766613063,0.912186586918612,3,0.12354585886682022,0.02815261431599727,Osmia
0.12659177089818327,0.9676524726661705,4,0.09579984718999378,0.04279242705177553,Osmia
0.15597034920067876,0.9635173133939858,5,0.10647137626149862,0.04418455158618849,Osmia
0.26983356524177804,0.6100729925090421,3,0.0367781624941124,0.009218636225930653,Lasioglossum
0.5639531021655374,0.8858124736057866,4,0.03584180284309818,0.0172532330930511,Lasioglossum
0.121890670771064,0.9543087506208099,6,0.04540820548466643,0.012812220643021198,Lasioglossum
0.157397448413946,0.9495373781093127,6,0.0853341717273675,0.03484320329098777,Agapostemon
0.1321431460855964,0.8980056903513285,3,0.05939250110119289,0.015344956888469109,Agapostemon
0.10461260786242281,0.9429317034138986,6,0.04635929467354823,0.021689425205982455,Lasioglossum
0.5859860754309543,0.9496807419784316,2,0.08084813284187796,0.00817230723407424,Lasioglossum
0.3965106882313219,0.2414287300023712,5,0.03640972844918247,0.020753079391751285,Lasioglossum
0.17776686634587058,0.9407365762324038,4,0.13347245409015024,0.03339809123842662,Osmia
0.1610091845627835,0.9377172660826751,5,0.0897584303559856,0.0293316672024315,Lasioglossum
0.12538271751731517,0.9729921447018609,4,0.08015145209714336,0.055202694728789616,Osmia
0.13987309787186253,0.9482188019668595,4,0.03672862036049188,0.015633798815165377,Lasioglossum
0.13214920960994062,0.9486470244750077,6,0.06867374802715635,0.029087213817265114,Lasioglossum
0.060016264570344265,0.7043989773018502,4,0.05256166982922201,0.007180820086764576,Osmia
0.09459355533338461,0.9036428949102958,5,0.08583250019226332,0.022858834067998057,Megachile
0.6583484007731155,0.8643512357331664,3,0.06018143275765322,0.024712332707624147,Lasioglossum
0.13479613611559074,0.9694300870170408,7,0.07907186722609681,0.05041677873899599,Osmia
0.18756219774080346,0.9605299181029423,4,0.12866421076522863,0.0319928565140302,Osmia
0.19342854475870438,0.9566340980002248,7,0.10759691162939553,0.050122094803137826,Osmia
0.16496143275113043,0.8716165005325809,3,0.13748263734964683,0.016877640294632627,Osmia
0.277364731158478,0.7709546746260437,5,0.1221433821450783,0.0659066232609157,Agapostemon
0.16822233875196643,0.8199156086992222,7,0.10516571599798809,0.03183008335170359,Megachile
0.11553604188568013,0.8974523668032148,2,0.06833735287448725,0.0014892915301053327,Agapostemon
0.10952789699570815,0.916236977194394,3,0.10814814814814816,0.03829742937027984,Megachile
0.11681286145161737,0.9458384298619128,6,0.04849562338009721,0.025741684615971233,Lasioglossum
0.09135535139907919,0.9802606148191441,13,0.025595475855109635,0.011081370027024683,Lasioglossum
0.3896457765667575,0.854801648668225,3,0.11372581399829355,0.08629495514117659,Lasioglossum
0.1852805140015095,0.9118783221214295,7,0.0753004470419755,0.02858451107858278,Lasioglossum
0.1011140282409707,0.9725677783794792,8,0.06480877031150216,0.036807793987075926,Megachile
0.12790219002140624,0.9672955060291553,4,0.10091799769471431,0.025640000465105183,Osmia
0.15160580730312362,0.7447531494368266,4,0.04171139463264408,0.011507110808080727,Lasioglossum
0.16405371827486245,0.9412017773698854,7,0.09173984330761234,0.06164830794609681,Lasioglossum
0.343834312013966,0.9774629729610179,0,nan,nan,Osmia
0.11175337186897881,0.9551170379863845,5,0.08643377733098769,0.04009727317780058,Megachile
0.19819324639402833,0.901078104525275,7,0.01850953592547046,0.010807738203852177,Bombus
0.17450504158386693,0.9085152183320273,3,0.1004473230130108,0.027950777408408765,Lasioglossum
0.23757464165611775,0.5085491154495972,7,0.03043571181973115,0.013895870832979457,Lasioglossum
0.24165627186710884,0.706601200900956,8,0.03146201588122547,0.022110239754492212,Lasioglossum
0.18407153689274697,0.9333844202669308,4,0.11182433021318133,0.04148278649456718,Osmia
0.16626666666666667,0.9016293131464269,4,0.08602380952380953,0.04079158548906892,Osmia
0.1076647693371343,0.9528204845535656,7,0.052739176494941885,0.019022323758009323,Agapostemon
0.10317651077179978,0.9570766590449863,6,0.07592758921681489,0.04003563387319072,Megachile
0.20095856419320848,0.8980328309625847,4,0.10251878038002651,0.04137130597554697,Megachile
0.13644537878979762,0.9346772748910513,6,0.053477200003377155,0.02974400215660998,Lasioglossum
0.08037935481250572,0.9396425254550118,7,0.03278593404808081,0.018545840255751747,Agapostemon
0.09139152868946149,0.927927275964664,5,0.04471441167826002,0.022609204303824366,Lasioglossum
0.1488256152792894,0.9648143638569564,4,0.1325527507636134,0.044804231789747684,Osmia
0.13627394818916683,0.9575817643298252,6,0.08762968620711603,0.04237254039722569,Osmia
0.13396665374176037,0.9657574930956789,7,0.07574918296128068,0.043967569769912486,Osmia
0.09627102120399708,0.9242294588560399,5,0.03364057341634724,0.017167716223406494,Lasioglossum
0.2998216476719329,0.9787997859449494,2,0.06664811465145401,0.033836345927621844,Lasioglossum
0.42175734669362164,0.6165931823305797,4,0.04512759661304972,0.02208313999385639,Lasioglossum
0.3479296267496112,0.6790874830272302,2,0.06684972783825817,0.007557348367029549,Lasioglossum
0.10268822537446681,0.8423407547408456,8,0.0383084515425057,0.03090976745165904,Lasioglossum
0.35217991272890015,0.8015990784747682,3,0.1906910826837728,0.16864349287261593,Lasioglossum
0.2749133023621017,0.7706617165192594,3,0.04124044871934684,0.010625884867673154,Lasioglossum
0.12339862467170552,0.9401551954671412,5,0.0671765672928487,0.028745084092668512,Agapostemon
0.20718503937007873,0.9945145661082722,1,0.1468561834182492,0.0,Osmia
0.13023255813953488,0.9749505947413508,6,0.06914244186046511,0.04629883949933342,Osmia
0.1283776679634108,0.7957034295639275,6,0.06262728925960973,0.017454941567254974,Lasioglossum
0.29059958649207446,0.5792755758904282,6,0.04541465655869516,0.02335789303727016,Lasioglossum
0.15504798609536763,0.8894035307112097,3,0.13169727197158618,0.028695701822657835,Osmia
0.36449906658369635,0.8868553112903934,1,0.18963907902924704,0.0,Lasioglossum
0.15449966049236502,0.9633138593398315,5,0.10632747485274843,0.04924912430085757,Osmia
0.1755896023411947,0.9161002974162238,4,0.1160412004361049,0.05254283805566833,Osmia
0.1586542042153869,0.9510147059812686,8,0.07884300290459521,0.04978858973332954,Osmia
0.11716359185100989,0.9226956103475157,7,0.03839918060430432,0.025615040704514605,Agapostemon
0.12150201287680072,0.9141246531085213,4,0.08467758903648427,0.041830811828487524,Osmia
0.1672813304571707,0.9541453786516209,7,0.05891626986888277,0.0433923287150177,Agapostemon
0.12011396137729198,0.9535815751588865,4,0.0823781123206882,0.016050820868526557,Agapostemon
0.1272409470912248,0.9772413628454256,4,0.037858925265348835,0.035459591037609796,Lasioglossum
0.11192791932692882,0.919078200389371,5,0.06791574676293335,0.016876581124014675,Megachile
0.1653428870787846,0.9714680222610824,4,0.09960033122655221,0.05253443907998559,Osmia
0.12618475031829113,0.9151151306384571,3,0.08808412316687886,0.022034001960850196,Lasioglossum
0.1096724620395431,0.9273010625269583,5,0.09014633698793523,0.015087618277927504,Osmia
0.21264285635717664,0.6598414551010157,7,0.03458722703495178,0.023162579477688246,Lasioglossum
0.16336946560060678,0.915500048603703,3,0.11450663127179261,0.020771551728254668,Osmia
0.16681208852224955,0.9508852985091177,4,0.11156996113270405,0.023958193202941288,Lasioglossum
0.34241175416592007,0.6011011706588905,5,0.03555895815347526,0.01806325777384646,Lasioglossum
0.3227848101265823,0.9028204280661559,3,0.09194193024058427,0.03929777425294098,Lasioglossum
0.16673332121432466,0.9571918059190163,5,0.1059807307762225,0.04640187420468147,Osmia
0.14210175812466702,0.9574966891174871,6,0.1041133901616054,0.07377799009411748,Agapostemon
0.09406057180537893,0.9000113661174916,5,0.06971174226367105,0.025980192825780603,Megachile
0.13564364992160396,0.9485850259036979,6,0.06238760149302255,0.03178719130705895,Lasioglossum
0.14615346196746967,0.8787135597862475,4,0.05831404931160204,0.02650875490474903,Osmia
0.31561436558094313,0.6491817467916297,4,0.038078816237238695,0.014360213006355777,Lasioglossum
0.14535011402990117,0.9624674519669689,5,0.07686122138694147,0.02477605565274682,Osmia
0.11982654988837368,0.9128850269139105,2,0.09790915335737592,0.002511591962905719,Bombus
0.09632399555314633,0.9422544609623691,7,0.03174223999096979,0.021720958589112133,Agapostemon
0.1407509992286656,0.9512171023965449,4,0.08871660472617629,0.04071518918232077,Lasioglossum
0.14132900091688516,0.9538448973242614,6,0.060589487455831335,0.0352910970928666,Lasioglossum
0.07860684254931888,0.9658876721451963,8,0.040070103425066596,0.02695544790359457,Megachile
0.2154645981185014,0.9544922721889036,5,0.11113495076195191,0.05140490654182459,Lasioglossum
0.1971509701845717,0.5461482428136324,6,0.026590944943997476,0.01856605439263865,Lasioglossum
0.17615465360391883,0.9542375882020048,4,0.13580300909727083,0.029884657590117786,Osmia
0.15088455225241656,0.9714060758415703,6,0.09019393276187002,0.05207634541523396,Osmia
0.1214878351837749,0.8913833241995729,4,0.070103010140687,0.03775115933614516,Lasioglossum
0.30213303396014596,0.7599251324087943,1,0.04908784731967443,0.0,Lasioglossum
0.15818303902743583,0.7882706513411915,6,0.026230332159251097,0.013033123080856537,Lasioglossum
0.09917288025098807,0.5503741998158669,4,0.03174700186067989,0.016085662533728555,Megachile
0.10774730631734207,0.9496749932053167,6,0.059856836912410526,0.01846701912787509,Agapostemon
0.15138734340787538,0.9302771059978799,5,0.07396532538856383,0.033595983374417666,Lasioglossum
0.3080836005750304,0.6565128700221539,5,0.03282412600116902,0.014913490389291843,Lasioglossum
0.21954689008952574,0.6518486854802548,4,0.03460639991647744,0.012543602121376942,Lasioglossum
0.18448891054559172,0.9442038146022078,6,0.08608801353893228,0.03666904995160432,Lasioglossum
0.15589993615415867,0.9362673294989928,5,0.09344709501422022,0.03302021895695305,Lasioglossum
0.7172513960884481,0.7708906584972169,1,0.05308892394761225,0.0,Lasioglossum
0.13031922747541563,0.9366466876626651,5,0.06682219531642206,0.018240107593648847,Lasioglossum
0.42939098009048593,0.600262613270508,5,0.041305396560491286,0.0178958999480487,Lasioglossum
0.051055459029816466,0.8578025116927381,4,0.02534050286581591,0.01341748674174607,Lasioglossum
0.16561477325853202,0.9558614288643301,7,0.10047848031218098,0.050484293310299126,Osmia
0.16027264228859786,0.7581324450418747,9,0.04670295039777981,0.03631034426914197,Lasioglossum
0.28616015365295117,0.8330390541097862,3,0.1494484253034892,0.024590063222143407,Megachile
0.17838145896656535,0.896801193418151,3,0.13634636639955788,0.017741103842193517,Osmia
0.1637936141223861,0.9369891858813705,4,0.08102798017495014,0.008061529282102114,Lasioglossum
0.1707394797309763,0.9675706174986379,5,0.10944434194857688,0.04749236311528289,Osmia
0.11616669690123192,0.8827696235181198,5,0.028014248726025363,0.018628534450767672,Lasioglossum
0.13816124335649435,0.9365605146613268,6,0.06769569488997526,0.02718771440041546,Agapostemon
0.1241392145914759,0.9766038958994441,9,0.02511573793102208,0.01975875771037319,Lasioglossum
0.14861159440462107,0.919084363364646,3,0.10558841951423202,0.020707838876460914,Osmia
0.44755536982866695,0.9218176349730395,0,nan,nan,Lasioglossum
0.10526792635171185,0.8981695338801869,4,0.09985453557083464,0.031875988738991064,Osmia
0.16745942235080666,0.9426065421334765,4,0.07721195181353079,0.03209758813193729,Lasioglossum
0.28382733606850896,0.34814681634947964,6,0.05040464911652462,0.04732327747438489,Lasioglossum
0.18357773036122335,0.8975426276468668,4,0.11791210786761702,0.025668942706224347,Osmia
